{"origin": [541.8823783728808, 704.0], "scale": 0.0005399136597938144, "rotate": [[6.123233995736766e-17, 1.0], [-1.0, 6.123233995736766e-17]], "colors": [[22, 96, 40], [159, 23, 26], [18, 32, 40]]}